Season,Region,Rating,Rank,Race
29,US,6919,Grandmaster,Protoss
29,US,6773,Grandmaster,Terran
29,US,6675,Grandmaster,Zerg
29,US,6670,Grandmaster,Protoss
29,US,6663,Grandmaster,Terran
29,US,6573,Grandmaster,Terran
29,US,6544,Grandmaster,Zerg
29,US,6527,Grandmaster,Protoss
29,US,6522,Grandmaster,Zerg
29,US,6509,Grandmaster,Zerg
29,US,6475,Grandmaster,Protoss
29,US,6469,Grandmaster,Zerg
29,US,6449,Grandmaster,Protoss
29,US,6432,Grandmaster,Terran
29,US,6423,Grandmaster,Protoss
29,US,6411,Grandmaster,Zerg
29,US,6408,Grandmaster,Protoss
29,US,6408,Grandmaster,Terran
29,US,6408,Grandmaster,Protoss
29,US,6404,Grandmaster,Zerg
29,US,6396,Grandmaster,Zerg
29,US,6367,Grandmaster,Zerg
29,US,6341,Grandmaster,Zerg
29,US,6324,Grandmaster,Protoss
29,US,6288,Grandmaster,Terran
29,US,6287,Grandmaster,Terran
29,US,6270,Grandmaster,Terran
29,US,6267,Grandmaster,Zerg
29,US,6239,Grandmaster,Zerg
29,US,6238,Grandmaster,Terran
29,US,6236,Grandmaster,Protoss
29,US,6220,Grandmaster,Terran
29,US,6196,Grandmaster,Zerg
29,US,6185,Grandmaster,Zerg
29,US,6177,Grandmaster,Protoss
29,US,6173,Grandmaster,Random
29,US,6168,Grandmaster,Terran
29,US,6163,Grandmaster,Terran
29,US,6160,Grandmaster,Protoss
29,US,6158,Grandmaster,Zerg
29,US,6156,Grandmaster,Protoss
29,US,6152,Grandmaster,Protoss
29,US,6152,Grandmaster,Zerg
29,US,6145,Grandmaster,Zerg
29,US,6127,Grandmaster,Terran
29,US,6122,Grandmaster,Protoss
29,US,6110,Grandmaster,Protoss
29,US,6109,Grandmaster,Protoss
29,US,6109,Grandmaster,Protoss
29,US,6099,Grandmaster,Zerg
29,US,6096,Grandmaster,Terran
29,US,6086,Grandmaster,Protoss
29,US,6085,Grandmaster,Protoss
29,US,6078,Grandmaster,Zerg
29,US,6056,Grandmaster,Protoss
29,US,6051,Grandmaster,Protoss
29,US,6042,Grandmaster,Terran
29,US,6040,Grandmaster,Zerg
29,US,6029,Grandmaster,Terran
29,US,6018,Grandmaster,Zerg
29,US,6017,Grandmaster,Zerg
29,US,6004,Grandmaster,Terran
29,US,6003,Grandmaster,Terran
29,US,5999,Grandmaster,Terran
29,US,5999,Grandmaster,Zerg
29,US,5997,Grandmaster,Zerg
29,US,5995,Grandmaster,Zerg
29,US,5993,Grandmaster,Terran
29,US,5991,Grandmaster,Protoss
29,US,5989,Grandmaster,Terran
29,US,5987,Grandmaster,Terran
29,US,5985,Grandmaster,Terran
29,US,5977,Grandmaster,Zerg
29,US,5972,Grandmaster,Protoss
29,US,5971,Grandmaster,Protoss
29,US,5968,Grandmaster,Terran
29,US,5966,Grandmaster,Zerg
29,US,5947,Grandmaster,Protoss
29,US,5930,Grandmaster,Protoss
29,US,5927,Grandmaster,Zerg
29,US,5927,Grandmaster,Terran
29,US,5925,Grandmaster,Zerg
29,US,5920,Grandmaster,Protoss
29,US,5918,Grandmaster,Zerg
29,US,5918,Grandmaster,Terran
29,US,5916,Grandmaster,Zerg
29,US,5906,Grandmaster,Zerg
29,US,5897,Grandmaster,Protoss
29,US,5896,Grandmaster,Protoss
29,US,5887,Grandmaster,Protoss
29,US,5881,Grandmaster,Zerg
29,US,5880,Grandmaster,Zerg
29,US,5879,Grandmaster,Protoss
29,US,5876,Grandmaster,Zerg
29,US,5871,Grandmaster,Terran
29,US,5871,Grandmaster,Terran
29,US,5870,Grandmaster,Terran
29,US,5868,Grandmaster,Terran
29,US,5868,Grandmaster,Protoss
29,US,5866,Grandmaster,Terran
29,US,5863,Grandmaster,Zerg
29,US,5861,Grandmaster,Zerg
29,US,5858,Grandmaster,Terran
29,US,5857,Grandmaster,Zerg
29,US,5853,Grandmaster,Terran
29,US,5853,Grandmaster,Random
29,US,5848,Grandmaster,Protoss
29,US,5845,Grandmaster,Zerg
29,US,5837,Grandmaster,Terran
29,US,5833,Grandmaster,Protoss
29,US,5832,Grandmaster,Zerg
29,US,5832,Grandmaster,Zerg
29,US,5827,Grandmaster,Zerg
29,US,5826,Grandmaster,Protoss
29,US,5825,Grandmaster,Terran
29,US,5823,Grandmaster,Zerg
29,US,5816,Grandmaster,Terran
29,US,5816,Grandmaster,Zerg
29,US,5814,Grandmaster,Protoss
29,US,5813,Grandmaster,Terran
29,US,5809,Grandmaster,Protoss
29,US,5803,Grandmaster,Protoss
29,US,5800,Grandmaster,Protoss
29,US,5800,Grandmaster,Random
29,US,5797,Grandmaster,Protoss
29,US,5796,Grandmaster,Zerg
29,US,5796,Grandmaster,Zerg
29,US,5795,Grandmaster,Protoss
29,US,5793,Grandmaster,Protoss
29,US,5789,Grandmaster,Zerg
29,US,5789,Grandmaster,Terran
29,US,5788,Grandmaster,Protoss
29,US,5784,Grandmaster,Zerg
29,US,5784,Grandmaster,Terran
29,US,5782,Grandmaster,Terran
29,US,5775,Grandmaster,Zerg
29,US,5772,Grandmaster,Zerg
29,US,5771,Grandmaster,Zerg
29,US,5771,Grandmaster,Terran
29,US,5768,Grandmaster,Terran
29,US,5767,Grandmaster,Protoss
29,US,5767,Grandmaster,Terran
29,US,5759,Grandmaster,Protoss
29,US,5754,Grandmaster,Terran
29,US,5751,Grandmaster,Terran
29,US,5750,Grandmaster,Terran
29,US,5749,Grandmaster,Protoss
29,US,5748,Grandmaster,Zerg
29,US,5747,Grandmaster,Protoss
29,US,5746,Grandmaster,Protoss
29,US,5744,Grandmaster,Zerg
29,US,5743,Grandmaster,Zerg
29,US,5742,Grandmaster,Protoss
29,US,5740,Grandmaster,Terran
29,US,5740,Grandmaster,Protoss
29,US,5739,Grandmaster,Terran
29,US,5739,Grandmaster,Terran
29,US,5738,Grandmaster,Terran
29,US,5737,Grandmaster,Terran
29,US,5736,Grandmaster,Zerg
29,US,5731,Grandmaster,Terran
29,US,5731,Grandmaster,Terran
29,US,5730,Grandmaster,Zerg
29,US,5729,Grandmaster,Terran
29,US,5729,Grandmaster,Protoss
29,US,5729,Grandmaster,Zerg
29,US,5723,Grandmaster,Terran
29,US,5722,Grandmaster,Terran
29,US,5721,Grandmaster,Zerg
29,US,5716,Grandmaster,Terran
29,US,5714,Grandmaster,Terran
29,US,5712,Grandmaster,Zerg
29,US,5711,Grandmaster,Terran
29,US,5709,Grandmaster,Protoss
29,US,5707,Grandmaster,Protoss
29,US,5705,Grandmaster,Zerg
29,US,5703,Grandmaster,Terran
29,US,5699,Grandmaster,Terran
29,US,5698,Grandmaster,Zerg
29,US,5696,Grandmaster,Zerg
29,US,5693,Grandmaster,Protoss
29,US,5693,Grandmaster,Zerg
29,US,5690,Grandmaster,Zerg
29,US,5689,Grandmaster,Zerg
29,US,5689,Grandmaster,Terran
29,US,5685,Grandmaster,Zerg
29,US,5685,Grandmaster,Zerg
29,US,5683,Grandmaster,Terran
29,US,5682,Grandmaster,Zerg
29,US,5682,Grandmaster,Terran
29,US,5678,Grandmaster,Terran
29,US,5676,Grandmaster,Zerg
29,US,5674,Grandmaster,Terran
29,US,5674,Grandmaster,Zerg
29,US,5674,Grandmaster,Protoss
29,US,5673,Grandmaster,Zerg
29,US,5673,Grandmaster,Terran
29,US,5670,Grandmaster,Protoss
29,US,5670,Grandmaster,Zerg
29,US,5670,Grandmaster,Terran
29,US,5667,Grandmaster,Zerg
29,US,5666,Grandmaster,Zerg
29,US,5665,Grandmaster,Zerg
29,US,5664,Grandmaster,Terran
29,US,5663,Grandmaster,Terran
29,US,5663,Grandmaster,Zerg
29,US,5661,Grandmaster,Terran
29,US,5661,Grandmaster,Protoss
29,US,5660,Grandmaster,Zerg
29,US,5659,Grandmaster,Protoss
29,US,5654,Grandmaster,Protoss
29,US,5651,Grandmaster,Zerg
29,US,5649,Grandmaster,Zerg
29,US,5649,Grandmaster,Terran
29,US,5647,Grandmaster,Terran
29,US,5646,Grandmaster,Terran
29,US,5645,Grandmaster,Protoss
29,US,5644,Grandmaster,Zerg
29,US,5643,Grandmaster,Terran
29,US,5641,Grandmaster,Terran
29,US,5640,Grandmaster,Zerg
29,US,5639,Grandmaster,Zerg
29,US,5635,Grandmaster,Protoss
29,US,5634,Grandmaster,Protoss
29,US,5634,Grandmaster,Terran
29,US,5632,Grandmaster,Terran
29,US,5632,Grandmaster,Protoss
29,US,5629,Grandmaster,Protoss
29,US,5627,Grandmaster,Protoss
29,US,5626,Grandmaster,Terran
29,US,5625,Grandmaster,Zerg
29,US,5623,Grandmaster,Random
29,US,5622,Grandmaster,Zerg
29,US,5620,Grandmaster,Terran
29,US,5619,Grandmaster,Terran
29,US,5618,Grandmaster,Terran
29,US,5617,Grandmaster,Protoss
29,US,5617,Grandmaster,Protoss
29,US,5613,Grandmaster,Terran
29,US,5611,Grandmaster,Protoss
29,US,5610,Grandmaster,Protoss
29,US,5599,Grandmaster,Terran
29,US,5599,Grandmaster,Protoss
29,US,5599,Grandmaster,Zerg
29,US,5595,Grandmaster,Zerg
29,US,5594,Grandmaster,Zerg
29,US,5593,Grandmaster,Protoss
29,US,5591,Grandmaster,Terran
29,US,5591,Grandmaster,Zerg
29,US,5591,Grandmaster,Zerg
29,US,5591,Grandmaster,Terran
29,US,5590,Grandmaster,Zerg
29,US,5590,Grandmaster,Terran
29,US,5588,Grandmaster,Zerg
29,US,5588,Grandmaster,Protoss
29,US,5587,Grandmaster,Protoss
29,US,5586,Grandmaster,Terran
29,US,5586,Grandmaster,Terran
29,US,5586,Grandmaster,Zerg
29,US,5585,Grandmaster,Zerg
29,US,5585,Grandmaster,Zerg
29,US,5583,Grandmaster,Protoss
29,US,5583,Grandmaster,Protoss
29,US,5582,Grandmaster,Terran
29,US,5580,Grandmaster,Protoss
29,US,5580,Grandmaster,Zerg
29,US,5579,Grandmaster,Protoss
29,US,5577,Grandmaster,Zerg
29,US,5577,Grandmaster,Terran
29,US,5577,Grandmaster,Terran
29,US,5577,Grandmaster,Zerg
29,US,5577,Grandmaster,Random
29,US,5577,Grandmaster,Zerg
29,US,5576,Grandmaster,Protoss
29,US,5575,Grandmaster,Terran
29,US,5572,Grandmaster,Terran
29,US,5570,Grandmaster,Terran
29,US,5569,Grandmaster,Terran
29,US,5569,Grandmaster,Zerg
29,US,5569,Grandmaster,Zerg
29,US,5568,Grandmaster,Zerg
29,US,5568,Grandmaster,Random
29,US,5566,Grandmaster,Zerg
29,US,5566,Grandmaster,Protoss
29,US,5565,Grandmaster,Zerg
29,US,5564,Grandmaster,Protoss
29,US,5561,Grandmaster,Zerg
29,US,5561,Grandmaster,Terran
29,US,5560,Grandmaster,Zerg
29,US,5559,Grandmaster,Terran
29,US,5559,Grandmaster,Zerg
29,US,5559,Grandmaster,Terran
29,US,5557,Grandmaster,Terran
29,US,5557,Grandmaster,Protoss
29,US,5557,Grandmaster,Zerg
29,US,5556,Grandmaster,Zerg
29,US,5556,Grandmaster,Zerg
29,US,5555,Grandmaster,Zerg
29,US,5555,Grandmaster,Protoss
29,US,5555,Grandmaster,Zerg
29,US,5551,Grandmaster,Terran
29,US,5551,Grandmaster,Zerg
29,US,5549,Grandmaster,Protoss
29,US,5548,Grandmaster,Protoss
29,US,5545,Grandmaster,Zerg
29,US,5545,Grandmaster,Terran
29,US,5540,Grandmaster,Terran
29,US,5540,Grandmaster,Terran
29,US,5540,Grandmaster,Protoss
29,US,5540,Grandmaster,Zerg
29,US,5537,Grandmaster,Terran
29,US,5535,Grandmaster,Zerg
29,US,5535,Grandmaster,Terran
29,US,5535,Grandmaster,Zerg
29,US,5534,Grandmaster,Zerg
29,US,5532,Grandmaster,Zerg
29,US,5532,Grandmaster,Zerg
29,US,5532,Grandmaster,Terran
29,US,5532,Grandmaster,Terran
29,US,5531,Grandmaster,Terran
29,US,5531,Grandmaster,Terran
29,US,5530,Grandmaster,Zerg
29,US,5530,Grandmaster,Zerg
29,US,5529,Grandmaster,Protoss
29,US,5528,Grandmaster,Zerg
29,US,5527,Grandmaster,Zerg
29,US,5525,Grandmaster,Terran
29,US,5525,Grandmaster,Zerg
29,US,5524,Grandmaster,Zerg
29,US,5523,Grandmaster,Protoss
29,US,5523,Grandmaster,Terran
29,US,5522,Grandmaster,Zerg
29,US,5519,Grandmaster,Zerg
29,US,5518,Grandmaster,Zerg
29,US,5518,Grandmaster,Zerg
29,US,5517,Grandmaster,Protoss
29,US,5517,Grandmaster,Protoss
29,US,5517,Grandmaster,Random
29,US,5517,Grandmaster,Terran
29,US,5516,Grandmaster,Zerg
29,US,5516,Grandmaster,Terran
29,US,5514,Grandmaster,Zerg
29,US,5513,Grandmaster,Protoss
29,US,5513,Grandmaster,Zerg
29,US,5512,Grandmaster,Zerg
29,US,5511,Grandmaster,Zerg
29,US,5510,Grandmaster,Terran
29,US,5507,Grandmaster,Random
29,US,5507,Grandmaster,Terran
29,US,5507,Grandmaster,Terran
29,US,5506,Grandmaster,Terran
29,US,5506,Grandmaster,Zerg
29,US,5506,Grandmaster,Terran
29,US,5505,Grandmaster,Random
29,US,5503,Grandmaster,Terran
29,US,5499,Grandmaster,Zerg
29,US,5499,Grandmaster,Protoss
29,US,5499,Grandmaster,Terran
29,US,5499,Grandmaster,Zerg
29,US,5499,Grandmaster,Zerg
29,US,5495,Grandmaster,Protoss
29,US,5495,Grandmaster,Terran
29,US,5494,Grandmaster,Terran
29,US,5493,Grandmaster,Terran
29,US,5493,Grandmaster,Random
29,US,5492,Grandmaster,Terran
29,US,5492,Grandmaster,Protoss
29,US,5491,Grandmaster,Protoss
29,US,5491,Grandmaster,Terran
29,US,5488,Grandmaster,Protoss
29,US,5487,Grandmaster,Terran
29,US,5485,Grandmaster,Terran
29,US,5482,Grandmaster,Terran
29,US,5480,Grandmaster,Terran
29,US,5480,Grandmaster,Terran
29,US,5478,Grandmaster,Protoss
29,US,5477,Grandmaster,Terran
29,US,5477,Grandmaster,Zerg
29,US,5473,Grandmaster,Protoss
29,US,5472,Grandmaster,Terran
29,US,5471,Grandmaster,Protoss
29,US,5471,Grandmaster,Protoss
29,US,5470,Grandmaster,Protoss
29,US,5470,Grandmaster,Zerg
29,US,5466,Grandmaster,Protoss
29,US,5465,Grandmaster,Terran
29,US,5464,Grandmaster,Zerg
29,US,5463,Grandmaster,Zerg
29,US,5463,Grandmaster,Zerg
29,US,5461,Grandmaster,Zerg
29,US,5460,Grandmaster,Random
29,US,5458,Grandmaster,Terran
29,US,5458,Grandmaster,Protoss
29,US,5457,Grandmaster,Zerg
29,US,5456,Grandmaster,Terran
29,US,5455,Grandmaster,Terran
29,US,5455,Grandmaster,Terran
29,US,5454,Grandmaster,Zerg
29,US,5453,Grandmaster,Zerg
29,US,5452,Grandmaster,Zerg
29,US,5449,Grandmaster,Terran
29,US,5448,Grandmaster,Zerg
29,US,5447,Grandmaster,Terran
29,US,5447,Grandmaster,Zerg
29,US,5446,Grandmaster,Random
29,US,5446,Grandmaster,Zerg
29,US,5443,Grandmaster,Protoss
29,US,5441,Grandmaster,Zerg
29,US,5441,Grandmaster,Zerg
29,US,5441,Grandmaster,Zerg
29,US,5441,Grandmaster,Zerg
29,US,5438,Grandmaster,Protoss
29,US,5438,Grandmaster,Protoss
29,US,5438,Grandmaster,Terran
29,US,5437,Grandmaster,Protoss
29,US,5437,Grandmaster,Terran
29,US,5437,Grandmaster,Protoss
29,US,5436,Grandmaster,Protoss
29,US,5436,Grandmaster,Terran
29,US,5434,Grandmaster,Protoss
29,US,5433,Grandmaster,Protoss
29,US,5433,Grandmaster,Zerg
29,US,5432,Grandmaster,Zerg
29,US,5432,Grandmaster,Terran
29,US,5432,Grandmaster,Terran
29,US,5432,Grandmaster,Protoss
29,US,5431,Grandmaster,Zerg
29,US,5429,Grandmaster,Zerg
29,US,5429,Grandmaster,Zerg
29,US,5428,Grandmaster,Terran
29,US,5428,Grandmaster,Zerg
29,US,5428,Grandmaster,Zerg
29,US,5427,Grandmaster,Zerg
29,US,5427,Grandmaster,Zerg
29,US,5426,Grandmaster,Protoss
29,US,5425,Grandmaster,Terran
29,US,5423,Grandmaster,Terran
29,US,5420,Grandmaster,Protoss
29,US,5418,Grandmaster,Protoss
29,US,5417,Grandmaster,Zerg
29,US,5417,Grandmaster,Zerg
29,US,5417,Grandmaster,Random
29,US,5416,Grandmaster,Terran
29,US,5416,Grandmaster,Terran
29,US,5415,Grandmaster,Random
29,US,5413,Grandmaster,Protoss
29,US,5412,Grandmaster,Random
29,US,5411,Grandmaster,Zerg
29,US,5411,Grandmaster,Terran
29,US,5411,Grandmaster,Random
29,US,5411,Grandmaster,Protoss
29,US,5410,Grandmaster,Protoss
29,US,5408,Grandmaster,Zerg
29,US,5408,Grandmaster,Terran
29,US,5408,Grandmaster,Terran
29,US,5408,Grandmaster,Zerg
29,US,5407,Grandmaster,Zerg
29,US,5406,Grandmaster,Terran
29,US,5405,Grandmaster,Protoss
29,US,5405,Grandmaster,Protoss
29,US,5404,Grandmaster,Protoss
29,US,5403,Grandmaster,Zerg
29,US,5402,Grandmaster,Zerg
29,US,5398,Grandmaster,Zerg
29,US,5398,Grandmaster,Protoss
29,US,5398,Grandmaster,Zerg
29,US,5396,Grandmaster,Terran
29,US,5396,Grandmaster,Zerg
29,US,5396,Grandmaster,Terran
29,US,5393,Grandmaster,Zerg
29,US,5393,Grandmaster,Protoss
29,US,5392,Grandmaster,Protoss
29,US,5389,Grandmaster,Terran
29,US,5388,Grandmaster,Terran
29,US,5387,Grandmaster,Protoss
29,US,5387,Grandmaster,Protoss
29,US,5387,Grandmaster,Terran
29,US,5386,Grandmaster,Zerg
29,US,5385,Grandmaster,Protoss
29,US,5384,Grandmaster,Random
29,US,5384,Grandmaster,Zerg
29,US,5383,Grandmaster,Random
29,US,5382,Grandmaster,Zerg
29,US,5381,Grandmaster,Zerg
29,US,5380,Grandmaster,Protoss
29,US,5379,Grandmaster,Zerg
29,US,5379,Grandmaster,Terran
29,US,5379,Grandmaster,Zerg
29,US,5376,Grandmaster,Zerg
29,US,5375,Grandmaster,Terran
29,US,5374,Grandmaster,Terran
29,US,5369,Grandmaster,Terran
29,US,5369,Grandmaster,Zerg
29,US,5369,Grandmaster,Protoss
29,US,5368,Grandmaster,Terran
29,US,5367,Grandmaster,Protoss
29,US,5367,Grandmaster,Terran
29,US,5365,Grandmaster,Protoss
29,US,5365,Grandmaster,Zerg
29,US,5364,Grandmaster,Random
29,US,5362,Grandmaster,Terran
29,US,5361,Grandmaster,Terran
29,US,5359,Grandmaster,Protoss
29,US,5358,Grandmaster,Zerg
29,US,5358,Grandmaster,Zerg
29,US,5358,Grandmaster,Terran
29,US,5358,Grandmaster,Terran
29,US,5356,Grandmaster,Random
29,US,5356,Grandmaster,Protoss
29,US,5356,Grandmaster,Terran
29,US,5355,Grandmaster,Protoss
29,US,5355,Grandmaster,Protoss
29,US,5354,Grandmaster,Terran
29,US,5354,Grandmaster,Terran
29,US,5354,Grandmaster,Zerg
29,US,5353,Grandmaster,Protoss
29,US,5353,Grandmaster,Terran
29,US,5353,Grandmaster,Zerg
29,US,5351,Grandmaster,Protoss
29,US,5350,Grandmaster,Zerg
29,US,5348,Grandmaster,Protoss
29,US,5347,Grandmaster,Protoss
29,US,5345,Grandmaster,Terran
29,US,5344,Grandmaster,Terran
29,US,5344,Grandmaster,Terran
29,US,5343,Grandmaster,Zerg
29,US,5342,Grandmaster,Zerg
29,US,5341,Grandmaster,Zerg
29,US,5341,Grandmaster,Zerg
29,US,5339,Grandmaster,Zerg
29,US,5339,Grandmaster,Zerg
29,US,5338,Grandmaster,Terran
29,US,5337,Grandmaster,Protoss
29,US,5335,Grandmaster,Protoss
29,US,5334,Grandmaster,Zerg
29,US,5332,Grandmaster,Zerg
29,US,5332,Grandmaster,Terran
29,US,5332,Grandmaster,Zerg
29,US,5331,Grandmaster,Terran
29,US,5331,Grandmaster,Protoss
29,US,5331,Grandmaster,Zerg
29,US,5329,Grandmaster,Zerg
29,US,5329,Grandmaster,Zerg
29,US,5328,Grandmaster,Zerg
29,US,5328,Grandmaster,Protoss
29,US,5327,Grandmaster,Protoss
29,US,5327,Grandmaster,Random
29,US,5325,Grandmaster,Zerg
29,US,5325,Grandmaster,Protoss
29,US,5325,Grandmaster,Zerg
29,US,5325,Grandmaster,Terran
29,US,5322,Grandmaster,Terran
29,US,5322,Grandmaster,Zerg
29,US,5322,Grandmaster,Protoss
29,US,5322,Grandmaster,Protoss
29,US,5321,Grandmaster,Protoss
29,US,5321,Grandmaster,Terran
29,US,5319,Grandmaster,Terran
29,US,5319,Grandmaster,Zerg
29,US,5318,Grandmaster,Zerg
29,US,5317,Grandmaster,Terran
29,US,5316,Grandmaster,Zerg
29,US,5316,Grandmaster,Terran
29,US,5316,Grandmaster,Terran
29,US,5315,Grandmaster,Protoss
29,US,5315,Grandmaster,Zerg
29,US,5314,Grandmaster,Protoss
29,US,5314,Grandmaster,Terran
29,US,5314,Grandmaster,Terran
29,US,5314,Grandmaster,Zerg
29,US,5313,Grandmaster,Terran
29,US,5313,Grandmaster,Protoss
29,US,5312,Grandmaster,Terran
29,US,5311,Grandmaster,Terran
29,US,5311,Grandmaster,Zerg
29,US,5311,Grandmaster,Zerg
29,US,5310,Grandmaster,Protoss
29,US,5309,Grandmaster,Protoss
29,US,5307,Grandmaster,Zerg
29,US,5307,Grandmaster,Zerg
29,US,5307,Grandmaster,Protoss
29,US,5307,Grandmaster,Zerg
29,US,5306,Grandmaster,Terran
29,US,5306,Grandmaster,Zerg
29,US,5306,Grandmaster,Zerg
29,US,5305,Grandmaster,Protoss
29,US,5304,Grandmaster,Terran
29,US,5303,Grandmaster,Terran
29,US,5302,Grandmaster,Protoss
29,US,5301,Grandmaster,Protoss
29,US,5300,Grandmaster,Terran
29,US,5300,Grandmaster,Terran
29,US,5299,Grandmaster,Random
29,US,5299,Grandmaster,Zerg
29,US,5299,Grandmaster,Zerg
29,US,5299,Grandmaster,Terran
29,US,5298,Grandmaster,Protoss
29,US,5298,Grandmaster,Terran
29,US,5296,Grandmaster,Zerg
29,US,5296,Grandmaster,Protoss
29,US,5294,Grandmaster,Zerg
29,US,5294,Grandmaster,Random
29,US,5293,Grandmaster,Zerg
29,US,5293,Grandmaster,Zerg
29,US,5292,Grandmaster,Zerg
29,US,5290,Grandmaster,Terran
29,US,5290,Grandmaster,Zerg
29,US,5290,Grandmaster,Zerg
29,US,5290,Grandmaster,Terran
29,US,5290,Grandmaster,Terran
29,US,5290,Grandmaster,Terran
29,US,5289,Grandmaster,Terran
29,US,5288,Grandmaster,Protoss
29,US,5286,Grandmaster,Protoss
29,US,5285,Grandmaster,Protoss
29,US,5284,Grandmaster,Zerg
29,US,5284,Grandmaster,Random
29,US,5283,Grandmaster,Zerg
29,US,5282,Grandmaster,Zerg
29,US,5282,Grandmaster,Terran
29,US,5281,Grandmaster,Terran
29,US,5279,Grandmaster,Protoss
29,US,5279,Grandmaster,Random
29,US,5278,Grandmaster,Terran
29,US,5277,Grandmaster,Terran
29,US,5275,Grandmaster,Zerg
29,US,5274,Grandmaster,Zerg
29,US,5273,Grandmaster,Terran
29,US,5273,Grandmaster,Terran
29,US,5273,Grandmaster,Zerg
29,US,5272,Grandmaster,Protoss
29,US,5271,Grandmaster,Random
29,US,5271,Grandmaster,Protoss
29,US,5270,Grandmaster,Zerg
29,US,5270,Grandmaster,Zerg
29,US,5268,Grandmaster,Protoss
29,US,5267,Grandmaster,Protoss
29,US,5267,Grandmaster,Protoss
29,US,5265,Grandmaster,Protoss
29,US,5265,Grandmaster,Zerg
29,US,5265,Grandmaster,Protoss
29,US,5264,Grandmaster,Zerg
29,US,5264,Grandmaster,Protoss
29,US,5263,Grandmaster,Protoss
29,US,5262,Grandmaster,Zerg
29,US,5261,Grandmaster,Protoss
29,US,5261,Grandmaster,Protoss
29,US,5261,Grandmaster,Protoss
29,US,5261,Grandmaster,Protoss
29,US,5261,Grandmaster,Protoss
29,US,5261,Grandmaster,Terran
29,US,5260,Grandmaster,Zerg
29,US,5260,Grandmaster,Protoss
29,US,5260,Grandmaster,Terran
29,US,5260,Grandmaster,Zerg
29,US,5259,Grandmaster,Zerg
29,US,5258,Grandmaster,Protoss
29,US,5258,Grandmaster,Zerg
29,US,5258,Grandmaster,Zerg
29,US,5257,Grandmaster,Protoss
29,US,5257,Grandmaster,Terran
29,US,5256,Grandmaster,Zerg
29,US,5256,Grandmaster,Terran
29,US,5255,Grandmaster,Terran
29,US,5254,Grandmaster,Zerg
29,US,5253,Grandmaster,Terran
29,US,5253,Grandmaster,Zerg
29,US,5253,Grandmaster,Protoss
29,US,5252,Grandmaster,Zerg
29,US,5252,Grandmaster,Terran
29,US,5250,Grandmaster,Terran
29,US,5250,Grandmaster,Zerg
29,US,5249,Grandmaster,Protoss
29,US,5249,Grandmaster,Zerg
29,US,5248,Grandmaster,Terran
29,US,5248,Grandmaster,Zerg
29,US,5248,Grandmaster,Zerg
29,US,5248,Grandmaster,Protoss
29,US,5248,Grandmaster,Random
29,US,5246,Grandmaster,Zerg
29,US,5246,Grandmaster,Terran
29,US,5246,Grandmaster,Terran
29,US,5246,Grandmaster,Zerg
29,US,5246,Grandmaster,Terran
29,US,5245,Grandmaster,Protoss
29,US,5245,Grandmaster,Terran
29,US,5244,Grandmaster,Terran
29,US,5243,Grandmaster,Terran
29,US,5243,Grandmaster,Protoss
29,US,5243,Grandmaster,Terran
29,US,5242,Grandmaster,Terran
29,US,5241,Grandmaster,Terran
29,US,5241,Grandmaster,Random
29,US,5241,Grandmaster,Zerg
29,US,5240,Grandmaster,Zerg
29,US,5240,Grandmaster,Terran
29,US,5240,Grandmaster,Zerg
29,US,5239,Grandmaster,Terran
29,US,5239,Grandmaster,Random
29,US,5239,Grandmaster,Zerg
29,US,5237,Grandmaster,Zerg
29,US,5236,Grandmaster,Protoss
29,US,5235,Grandmaster,Zerg
29,US,5235,Grandmaster,Zerg
29,US,5234,Grandmaster,Protoss
29,US,5233,Grandmaster,Zerg
29,US,5232,Grandmaster,Terran
29,US,5232,Grandmaster,Zerg
29,US,5232,Grandmaster,Zerg
29,US,5231,Grandmaster,Random
29,US,5230,Grandmaster,Random
29,US,5230,Grandmaster,Zerg
29,US,5229,Grandmaster,Terran
29,US,5229,Grandmaster,Random
29,US,5229,Grandmaster,Random
29,US,5228,Grandmaster,Zerg
29,US,5228,Grandmaster,Zerg
29,US,5228,Grandmaster,Zerg
29,US,5228,Grandmaster,Zerg
29,US,5228,Grandmaster,Zerg
29,US,5227,Grandmaster,Protoss
29,US,5227,Grandmaster,Zerg
29,US,5226,Grandmaster,Protoss
29,US,5226,Grandmaster,Zerg
29,US,5224,Grandmaster,Zerg
29,US,5222,Grandmaster,Terran
29,US,5222,Grandmaster,Zerg
29,US,5221,Grandmaster,Zerg
29,US,5220,Grandmaster,Terran
29,US,5220,Grandmaster,Zerg
29,US,5219,Grandmaster,Random
29,US,5219,Grandmaster,Protoss
29,US,5219,Grandmaster,Terran
29,US,5217,Grandmaster,Protoss
29,US,5217,Grandmaster,Zerg
29,US,5217,Grandmaster,Protoss
29,US,5216,Grandmaster,Random
29,US,5215,Grandmaster,Protoss
29,US,5214,Grandmaster,Terran
29,US,5214,Grandmaster,Random
29,US,5213,Grandmaster,Terran
29,US,5213,Grandmaster,Zerg
29,US,5213,Grandmaster,Terran
29,US,5213,Grandmaster,Zerg
29,US,5212,Grandmaster,Terran
29,US,5212,Grandmaster,Random
29,US,5212,Grandmaster,Terran
29,US,5211,Grandmaster,Zerg
29,US,5211,Grandmaster,Zerg
29,US,5210,Grandmaster,Protoss
29,US,5210,Grandmaster,Protoss
29,US,5209,Grandmaster,Zerg
29,US,5209,Grandmaster,Protoss
29,US,5208,Grandmaster,Protoss
29,US,5208,Grandmaster,Zerg
29,US,5208,Grandmaster,Protoss
29,US,5207,Grandmaster,Terran
29,US,5206,Grandmaster,Zerg
29,US,5206,Grandmaster,Zerg
29,US,5206,Grandmaster,Terran
29,US,5205,Grandmaster,Zerg
29,US,5205,Grandmaster,Zerg
29,US,5205,Grandmaster,Protoss
29,US,5205,Grandmaster,Terran
29,US,5204,Grandmaster,Protoss
29,US,5204,Grandmaster,Zerg
29,US,5204,Grandmaster,Terran
29,US,5203,Grandmaster,Terran
29,US,5202,Grandmaster,Random
29,US,5201,Grandmaster,Protoss
29,US,5200,Grandmaster,Protoss
29,US,5198,Grandmaster,Zerg
29,US,5197,Grandmaster,Terran
29,US,5197,Grandmaster,Zerg
29,US,5196,Grandmaster,Terran
29,US,5196,Grandmaster,Terran
29,US,5196,Grandmaster,Protoss
29,US,5196,Grandmaster,Protoss
29,US,5195,Grandmaster,Zerg
29,US,5195,Grandmaster,Protoss
29,US,5194,Grandmaster,Protoss
29,US,5194,Grandmaster,Protoss
29,US,5194,Grandmaster,Terran
29,US,5193,Grandmaster,Zerg
29,US,5193,Grandmaster,Random
29,US,5191,Grandmaster,Protoss
29,US,5191,Grandmaster,Protoss
29,US,5190,Grandmaster,Protoss
29,US,5190,Grandmaster,Terran
29,US,5189,Grandmaster,Random
29,US,5189,Grandmaster,Terran
29,US,5187,Grandmaster,Protoss
29,US,5187,Grandmaster,Zerg
29,US,5186,Grandmaster,Zerg
29,US,5186,Grandmaster,Protoss
29,US,5185,Grandmaster,Protoss
29,US,5185,Grandmaster,Zerg
29,US,5185,Grandmaster,Zerg
29,US,5184,Grandmaster,Protoss
29,US,5183,Grandmaster,Terran
29,US,5181,Grandmaster,Protoss
29,US,5181,Grandmaster,Protoss
29,US,5181,Grandmaster,Zerg
29,US,5181,Grandmaster,Protoss
29,US,5181,Grandmaster,Protoss
29,US,5180,Grandmaster,Zerg
29,US,5180,Grandmaster,Random
29,US,5180,Grandmaster,Protoss
29,US,5179,Grandmaster,Zerg
29,US,5178,Grandmaster,Terran
29,US,5176,Grandmaster,Zerg
29,US,5176,Grandmaster,Terran
29,US,5176,Grandmaster,Protoss
29,US,5173,Grandmaster,Zerg
29,US,5172,Grandmaster,Zerg
29,US,5171,Grandmaster,Zerg
29,US,5170,Grandmaster,Terran
29,US,5170,Grandmaster,Zerg
29,US,5170,Grandmaster,Zerg
29,US,5169,Grandmaster,Terran
29,US,5168,Grandmaster,Random
29,US,5167,Grandmaster,Protoss
29,US,5167,Grandmaster,Protoss
29,US,5167,Grandmaster,Terran
29,US,5167,Grandmaster,Terran
29,US,5166,Grandmaster,Zerg
29,US,5165,Grandmaster,Zerg
29,US,5165,Grandmaster,Terran
29,US,5164,Grandmaster,Terran
29,US,5164,Grandmaster,Protoss
29,US,5164,Grandmaster,Terran
29,US,5162,Grandmaster,Terran
29,US,5161,Grandmaster,Terran
29,US,5161,Grandmaster,Zerg
29,US,5159,Grandmaster,Zerg
29,US,5159,Grandmaster,Terran
29,US,5159,Grandmaster,Zerg
29,US,5159,Grandmaster,Zerg
29,US,5159,Grandmaster,Zerg
29,US,5158,Grandmaster,Protoss
29,US,5155,Grandmaster,Zerg
29,US,5155,Grandmaster,Zerg
29,US,5154,Grandmaster,Terran
29,US,5152,Grandmaster,Terran
29,US,5152,Grandmaster,Terran
29,US,5152,Grandmaster,Zerg
29,US,5152,Grandmaster,Terran
29,US,5151,Grandmaster,Terran
29,US,5149,Grandmaster,Terran
29,US,5149,Grandmaster,Zerg
29,US,5149,Grandmaster,Terran
29,US,5149,Grandmaster,Terran
29,US,5149,Grandmaster,Protoss
29,US,5148,Grandmaster,Terran
29,US,5148,Grandmaster,Terran
29,US,5148,Grandmaster,Terran
29,US,5148,Grandmaster,Zerg
29,US,5148,Grandmaster,Zerg
29,US,5147,Grandmaster,Terran
29,US,5147,Grandmaster,Zerg
29,US,5147,Grandmaster,Zerg
29,US,5147,Grandmaster,Terran
29,US,5147,Grandmaster,Zerg
29,US,5146,Grandmaster,Zerg
29,US,5145,Grandmaster,Terran
29,US,5145,Grandmaster,Zerg
29,US,5145,Grandmaster,Zerg
29,US,5145,Grandmaster,Terran
29,US,5144,Grandmaster,Protoss
29,US,5144,Grandmaster,Terran
29,US,5144,Grandmaster,Protoss
29,US,5144,Grandmaster,Zerg
29,US,5143,Grandmaster,Terran
29,US,5143,Grandmaster,Terran
29,US,5141,Grandmaster,Terran
29,US,5141,Grandmaster,Terran
29,US,5140,Grandmaster,Terran
29,US,5140,Grandmaster,Zerg
29,US,5138,Grandmaster,Protoss
29,US,5137,Grandmaster,Protoss
29,US,5137,Grandmaster,Terran
29,US,5137,Grandmaster,Zerg
29,US,5136,Grandmaster,Terran
29,US,5136,Grandmaster,Zerg
29,US,5135,Grandmaster,Terran
29,US,5133,Grandmaster,Zerg
29,US,5133,Grandmaster,Terran
29,US,5133,Grandmaster,Protoss
29,US,5133,Grandmaster,Protoss
29,US,5131,Grandmaster,Terran
29,US,5131,Grandmaster,Terran
29,US,5131,Grandmaster,Protoss
29,US,5130,Grandmaster,Random
29,US,5130,Grandmaster,Terran
29,US,5129,Grandmaster,Protoss
29,US,5129,Grandmaster,Protoss
29,US,5129,Grandmaster,Zerg
29,US,5127,Grandmaster,Protoss
29,US,5126,Grandmaster,Terran
29,US,5126,Grandmaster,Terran
29,US,5124,Grandmaster,Protoss
29,US,5124,Grandmaster,Random
29,US,5123,Grandmaster,Protoss
29,US,5123,Grandmaster,Random
29,US,5122,Grandmaster,Zerg
29,US,5122,Grandmaster,Terran
29,US,5122,Grandmaster,Zerg
29,US,5121,Grandmaster,Terran
29,US,5119,Grandmaster,Terran
29,US,5119,Grandmaster,Zerg
29,US,5119,Grandmaster,Terran
29,US,5119,Grandmaster,Terran
29,US,5118,Grandmaster,Terran
29,US,5118,Grandmaster,Protoss
29,US,5118,Grandmaster,Terran
29,US,5118,Grandmaster,Protoss
29,US,5117,Grandmaster,Protoss
29,US,5117,Grandmaster,Zerg
29,US,5117,Grandmaster,Protoss
29,US,5115,Grandmaster,Protoss
29,US,5115,Grandmaster,Zerg
29,US,5115,Grandmaster,Protoss
29,US,5115,Grandmaster,Terran
29,US,5114,Grandmaster,Terran
29,US,5114,Grandmaster,Terran
29,US,5113,Grandmaster,Protoss
29,US,5113,Grandmaster,Zerg
29,US,5113,Grandmaster,Zerg
29,US,5113,Grandmaster,Protoss
29,US,5112,Grandmaster,Terran
29,US,5112,Grandmaster,Protoss
29,US,5112,Grandmaster,Protoss
29,US,5111,Grandmaster,Zerg
29,US,5111,Grandmaster,Random
29,US,5110,Grandmaster,Zerg
29,US,5109,Grandmaster,Zerg
29,US,5109,Grandmaster,Protoss
29,US,5109,Grandmaster,Zerg
29,US,5108,Grandmaster,Zerg
29,US,5108,Grandmaster,Zerg
29,US,5108,Grandmaster,Terran
29,US,5108,Grandmaster,Protoss
29,US,5107,Grandmaster,Protoss
29,US,5107,Grandmaster,Terran
29,US,5107,Grandmaster,Protoss
29,US,5106,Grandmaster,Terran
29,US,5104,Grandmaster,Protoss
29,US,5104,Grandmaster,Terran
29,US,5103,Grandmaster,Protoss
29,US,5103,Grandmaster,Zerg
29,US,5103,Grandmaster,Protoss
29,US,5101,Grandmaster,Terran
29,US,5100,Grandmaster,Zerg
29,US,5100,Grandmaster,Terran
29,US,5100,Grandmaster,Zerg
29,US,5099,Grandmaster,Terran
29,US,5099,Grandmaster,Terran
29,US,5099,Grandmaster,Zerg
29,US,5099,Grandmaster,Protoss
29,US,5098,Grandmaster,Terran
29,US,5097,Grandmaster,Protoss
29,US,5097,Grandmaster,Protoss
29,US,5096,Grandmaster,Terran
29,US,5095,Grandmaster,Terran
29,US,5095,Grandmaster,Terran
29,US,5094,Grandmaster,Protoss
29,US,5094,Grandmaster,Zerg
29,US,5094,Grandmaster,Zerg
29,US,5093,Grandmaster,Terran
29,US,5091,Grandmaster,Terran
29,US,5091,Grandmaster,Terran
29,US,5091,Grandmaster,Protoss
29,US,5091,Grandmaster,Terran
29,US,5090,Grandmaster,Terran
29,US,5088,Grandmaster,Terran
29,US,5087,Grandmaster,Zerg
29,US,5087,Grandmaster,Protoss
29,US,5086,Grandmaster,Protoss
29,US,5086,Grandmaster,Protoss
29,US,5086,Grandmaster,Zerg
29,US,5086,Grandmaster,Random
29,US,5086,Grandmaster,Protoss
29,US,5085,Grandmaster,Zerg
29,US,5085,Grandmaster,Random
29,US,5084,Grandmaster,Terran
29,US,5084,Grandmaster,Zerg
29,US,5083,Grandmaster,Terran
29,US,5083,Grandmaster,Zerg
29,US,5082,Grandmaster,Protoss
29,US,5082,Grandmaster,Terran
29,US,5082,Grandmaster,Protoss
29,US,5082,Grandmaster,Protoss
29,US,5082,Grandmaster,Protoss
29,US,5082,Grandmaster,Zerg
29,US,5081,Grandmaster,Terran
29,US,5081,Grandmaster,Protoss
29,US,5081,Grandmaster,Terran
29,US,5081,Grandmaster,Terran
29,US,5080,Grandmaster,Terran
29,US,5080,Grandmaster,Zerg
29,US,5078,Grandmaster,Random
29,US,5077,Grandmaster,Zerg
29,US,5077,Grandmaster,Terran
29,US,5077,Grandmaster,Zerg
29,US,5076,Grandmaster,Zerg
29,US,5075,Grandmaster,Zerg
29,US,5075,Grandmaster,Zerg
29,US,5074,Grandmaster,Random
29,US,5074,Grandmaster,Terran
29,US,5074,Grandmaster,Terran
29,US,5074,Grandmaster,Protoss
29,US,5072,Grandmaster,Terran
29,US,5072,Grandmaster,Protoss
29,US,5072,Grandmaster,Zerg
29,US,5070,Grandmaster,Zerg
29,US,5068,Grandmaster,Terran
29,US,5067,Grandmaster,Terran
29,US,5067,Grandmaster,Zerg
29,US,5067,Grandmaster,Terran
29,US,5067,Grandmaster,Terran
29,US,5066,Grandmaster,Terran
29,US,5066,Grandmaster,Zerg
29,US,5066,Grandmaster,Protoss
29,US,5065,Grandmaster,Zerg
29,US,5065,Grandmaster,Terran
29,US,5065,Grandmaster,Protoss
29,US,5064,Grandmaster,Protoss
29,US,5064,Grandmaster,Terran
29,US,5063,Grandmaster,Terran
29,US,5063,Grandmaster,Protoss
29,US,5063,Grandmaster,Zerg
29,US,5063,Grandmaster,Zerg
29,US,5062,Grandmaster,Protoss
29,US,5061,Grandmaster,Zerg
29,US,5061,Grandmaster,Protoss
29,US,5061,Grandmaster,Terran
29,US,5061,Grandmaster,Terran
29,US,5060,Grandmaster,Random
29,US,5060,Grandmaster,Terran
29,US,5060,Grandmaster,Protoss
29,US,5059,Grandmaster,Random
29,US,5059,Grandmaster,Zerg
29,US,5059,Grandmaster,Zerg
29,US,5059,Grandmaster,Random
29,US,5058,Grandmaster,Zerg
29,US,5058,Grandmaster,Random
29,US,5057,Grandmaster,Terran
29,US,5056,Grandmaster,Terran
29,US,5056,Grandmaster,Terran
29,US,5056,Grandmaster,Terran
29,US,5055,Grandmaster,Terran
29,US,5055,Grandmaster,Terran
29,US,5054,Grandmaster,Protoss
29,US,5054,Grandmaster,Protoss
29,US,5054,Grandmaster,Terran
29,US,5053,Grandmaster,Protoss
29,US,5053,Grandmaster,Terran
29,US,5053,Grandmaster,Terran
29,US,5053,Grandmaster,Zerg
29,US,5052,Grandmaster,Zerg
29,US,5052,Grandmaster,Terran
29,US,5052,Grandmaster,Random
29,US,5051,Grandmaster,Terran
29,US,5049,Grandmaster,Terran
29,US,5049,Grandmaster,Zerg
29,US,5048,Grandmaster,Zerg
29,US,5048,Grandmaster,Protoss
29,US,5047,Grandmaster,Zerg
29,US,5047,Grandmaster,Zerg
29,US,5046,Grandmaster,Zerg
29,US,5045,Grandmaster,Terran
29,US,5045,Grandmaster,Zerg
29,US,5045,Grandmaster,Random
29,US,5044,Grandmaster,Protoss
29,US,5044,Grandmaster,Protoss
29,US,5044,Grandmaster,Protoss
29,US,5044,Grandmaster,Random
29,US,5043,Grandmaster,Zerg
29,US,5043,Grandmaster,Protoss
29,US,5042,Grandmaster,Terran
29,US,5041,Grandmaster,Terran
29,US,5041,Grandmaster,Terran
29,US,5040,Grandmaster,Protoss
29,US,5040,Grandmaster,Protoss
29,US,5039,Grandmaster,Protoss
29,US,5039,Grandmaster,Zerg
29,US,5039,Grandmaster,Terran
29,US,5038,Grandmaster,Zerg
29,US,5038,Grandmaster,Terran
29,US,5038,Grandmaster,Protoss
29,US,5036,Grandmaster,Protoss
29,US,5036,Grandmaster,Protoss
29,US,5036,Grandmaster,Terran
29,US,5036,Grandmaster,Zerg
29,US,5035,Grandmaster,Zerg
29,US,5035,Grandmaster,Protoss
29,US,5034,Grandmaster,Zerg
29,US,5034,Grandmaster,Protoss
29,US,5034,Grandmaster,Terran
29,US,5033,Grandmaster,Zerg
29,US,5031,Grandmaster,Protoss
29,US,5031,Grandmaster,Terran
29,US,5030,Grandmaster,Protoss
29,US,5030,Grandmaster,Zerg
29,US,5029,Grandmaster,Zerg
29,US,5029,Grandmaster,Protoss
29,US,5029,Grandmaster,Zerg
29,US,5028,Grandmaster,Zerg
29,US,5028,Grandmaster,Zerg
29,US,5028,Grandmaster,Protoss
29,US,5027,Grandmaster,Terran
29,US,5027,Grandmaster,Zerg
29,US,5027,Grandmaster,Terran
29,US,5027,Grandmaster,Protoss
29,US,5027,Grandmaster,Zerg
29,US,5026,Grandmaster,Zerg
29,US,5026,Grandmaster,Protoss
29,US,5025,Grandmaster,Zerg
29,US,5025,Grandmaster,Zerg
29,US,5023,Grandmaster,Zerg
29,US,5023,Grandmaster,Terran
29,US,5022,Grandmaster,Terran
29,US,5022,Grandmaster,Terran
29,US,5022,Grandmaster,Protoss
29,US,5021,Grandmaster,Zerg
29,US,5021,Grandmaster,Protoss
29,US,5021,Grandmaster,Protoss
29,US,5021,Grandmaster,Zerg
29,US,5021,Grandmaster,Zerg
29,US,5020,Grandmaster,Terran
29,US,5020,Grandmaster,Terran
29,US,5020,Grandmaster,Zerg
29,US,5020,Grandmaster,Protoss
29,US,5019,Grandmaster,Protoss
29,US,5019,Grandmaster,Random
29,US,5018,Grandmaster,Zerg
29,US,5018,Grandmaster,Protoss
29,US,5018,Grandmaster,Terran
29,US,5017,Grandmaster,Protoss
29,US,5017,Grandmaster,Protoss
29,US,5017,Grandmaster,Protoss
29,US,5017,Grandmaster,Terran
29,US,5016,Grandmaster,Zerg
29,US,5016,Grandmaster,Zerg
29,US,5016,Grandmaster,Zerg
29,US,5015,Grandmaster,Zerg
29,US,5015,Grandmaster,Zerg
29,US,5014,Grandmaster,Random
29,US,5014,Grandmaster,Zerg
29,US,5014,Grandmaster,Terran
29,US,5013,Grandmaster,Zerg
29,US,5013,Grandmaster,Terran
29,US,5013,Grandmaster,Protoss
29,US,5013,Grandmaster,Zerg
29,US,5011,Grandmaster,Terran
29,US,5011,Grandmaster,Protoss
29,US,5011,Grandmaster,Protoss
29,US,5011,Grandmaster,Protoss
29,US,5010,Grandmaster,Zerg
29,US,5009,Grandmaster,Protoss
29,US,5009,Grandmaster,Terran
29,US,5009,Grandmaster,Zerg
29,US,5009,Grandmaster,Protoss
29,US,5008,Grandmaster,Zerg
29,US,5008,Grandmaster,Zerg
29,US,5008,Grandmaster,Random
29,US,5007,Grandmaster,Protoss
29,US,5007,Grandmaster,Zerg
29,US,5007,Grandmaster,Protoss
29,US,5007,Grandmaster,Zerg
29,US,5007,Grandmaster,Random
29,US,5007,Grandmaster,Zerg
29,US,5006,Grandmaster,Protoss
29,US,5006,Grandmaster,Protoss
29,US,5005,Grandmaster,Zerg
29,US,5005,Grandmaster,Protoss
29,US,5005,Grandmaster,Terran
29,US,5004,Grandmaster,Protoss
29,US,5004,Grandmaster,Terran
29,US,5004,Grandmaster,Terran
29,US,5004,Grandmaster,Zerg
29,US,5003,Grandmaster,Zerg
29,US,5003,Grandmaster,Terran
29,US,5003,Grandmaster,Zerg
29,US,5003,Grandmaster,Protoss
29,US,5002,Grandmaster,Random
29,US,5002,Grandmaster,Protoss
29,US,5002,Grandmaster,Protoss
29,US,5002,Grandmaster,Zerg
29,US,5002,Grandmaster,Zerg
29,US,5001,Grandmaster,Protoss
29,US,5000,Grandmaster,Zerg
29,US,5000,Grandmaster,Terran
29,US,5000,Grandmaster,Terran
29,US,5000,Grandmaster,Terran
29,US,5000,Grandmaster,Zerg
29,US,4999,Grandmaster,Terran
29,US,4999,Grandmaster,Terran
29,US,4999,Grandmaster,Terran
29,US,4998,Grandmaster,Terran
29,US,4996,Grandmaster,Terran
29,US,4996,Grandmaster,Terran
29,US,4996,Grandmaster,Protoss
29,US,4996,Grandmaster,Zerg
29,US,4996,Grandmaster,Zerg
29,US,4995,Grandmaster,Terran
29,US,4994,Grandmaster,Terran
29,US,4994,Grandmaster,Zerg
29,US,4993,Grandmaster,Terran
29,US,4993,Grandmaster,Zerg
29,US,4992,Grandmaster,Protoss
29,US,4992,Grandmaster,Terran
29,US,4991,Grandmaster,Terran
29,US,4991,Grandmaster,Protoss
29,US,4991,Grandmaster,Terran
29,US,4989,Grandmaster,Terran
29,US,4989,Grandmaster,Terran
29,US,4988,Grandmaster,Protoss
29,US,4987,Grandmaster,Terran
29,US,4987,Grandmaster,Zerg
29,US,4987,Grandmaster,Protoss
29,US,4986,Grandmaster,Terran
29,US,4985,Grandmaster,Zerg
29,US,4985,Grandmaster,Protoss
29,US,4985,Grandmaster,Terran
29,US,4985,Grandmaster,Terran
29,US,4984,Grandmaster,Protoss
29,US,4984,Grandmaster,Protoss
29,US,4984,Grandmaster,Terran
29,US,4984,Grandmaster,Terran
29,US,4983,Grandmaster,Terran
29,US,4983,Grandmaster,Protoss
29,US,4983,Grandmaster,Protoss
29,US,4982,Grandmaster,Protoss
29,US,4982,Grandmaster,Terran
29,US,4982,Grandmaster,Terran
29,US,4982,Grandmaster,Zerg
29,US,4981,Grandmaster,Protoss
29,US,4981,Grandmaster,Terran
29,US,4980,Grandmaster,Zerg
29,US,4980,Grandmaster,Terran
29,US,4980,Grandmaster,Terran
29,US,4980,Grandmaster,Protoss
29,US,4980,Grandmaster,Terran
29,US,4980,Grandmaster,Terran
29,US,4979,Grandmaster,Protoss
29,US,4979,Grandmaster,Terran
29,US,4979,Grandmaster,Terran
29,US,4979,Grandmaster,Zerg
29,US,4979,Grandmaster,Zerg
29,US,4978,Grandmaster,Protoss
29,US,4978,Grandmaster,Zerg
29,US,4978,Grandmaster,Terran
29,US,4977,Grandmaster,Zerg
29,US,4977,Grandmaster,Protoss
29,US,4976,Grandmaster,Protoss
29,US,4975,Grandmaster,Terran
29,US,4975,Grandmaster,Zerg
29,US,4975,Grandmaster,Protoss
29,US,4975,Grandmaster,Terran
29,US,4973,Grandmaster,Protoss
29,US,4973,Grandmaster,Terran
29,US,4973,Grandmaster,Terran
29,US,4972,Grandmaster,Terran
29,US,4972,Grandmaster,Terran
29,US,4971,Grandmaster,Terran
29,US,4971,Grandmaster,Terran
29,US,4971,Grandmaster,Terran
29,US,4970,Grandmaster,Terran
29,US,4970,Grandmaster,Terran
29,US,4970,Grandmaster,Zerg
29,US,4970,Grandmaster,Zerg
29,US,4970,Grandmaster,Terran
29,US,4970,Grandmaster,Zerg
29,US,4970,Grandmaster,Protoss
29,US,4969,Grandmaster,Protoss
29,US,4969,Grandmaster,Zerg
29,US,4969,Grandmaster,Terran
29,US,4969,Grandmaster,Terran
29,US,4969,Grandmaster,Protoss
29,US,4968,Grandmaster,Protoss
29,US,4968,Grandmaster,Zerg
29,US,4968,Grandmaster,Terran
29,US,4967,Grandmaster,Terran
29,US,4967,Grandmaster,Protoss
29,US,4967,Grandmaster,Terran
29,US,4967,Grandmaster,Random
29,US,4967,Grandmaster,Terran
29,US,4966,Grandmaster,Zerg
29,US,4966,Grandmaster,Terran
29,US,4966,Grandmaster,Terran
29,US,4966,Grandmaster,Terran
29,US,4965,Grandmaster,Protoss
29,US,4965,Grandmaster,Terran
29,US,4964,Grandmaster,Random
29,US,4964,Grandmaster,Terran
29,US,4963,Grandmaster,Terran
29,US,4963,Grandmaster,Zerg
29,US,4963,Grandmaster,Random
29,US,4963,Grandmaster,Zerg
29,US,4961,Grandmaster,Protoss
29,US,4961,Grandmaster,Protoss
29,US,4961,Grandmaster,Zerg
29,US,4960,Grandmaster,Protoss
29,US,4960,Grandmaster,Terran
29,US,4960,Grandmaster,Terran
29,US,4959,Grandmaster,Protoss
29,US,4959,Grandmaster,Terran
29,US,4959,Grandmaster,Zerg
29,US,4958,Grandmaster,Protoss
29,US,4957,Grandmaster,Protoss
29,US,4957,Grandmaster,Terran
29,US,4956,Grandmaster,Terran
29,US,4956,Grandmaster,Protoss
29,US,4956,Grandmaster,Terran
29,US,4956,Grandmaster,Terran
29,US,4956,Grandmaster,Protoss
29,US,4956,Grandmaster,Protoss
29,US,4955,Grandmaster,Zerg
29,US,4955,Grandmaster,Zerg
29,US,4955,Grandmaster,Protoss
29,US,4954,Grandmaster,Terran
29,US,4953,Grandmaster,Zerg
29,US,4953,Grandmaster,Protoss
29,US,4953,Grandmaster,Protoss
29,US,4953,Grandmaster,Protoss
29,US,4952,Grandmaster,Protoss
29,US,4951,Grandmaster,Zerg
29,US,4950,Grandmaster,Zerg
29,US,4950,Grandmaster,Random
29,US,4950,Grandmaster,Zerg
29,US,4950,Grandmaster,Zerg
29,US,4950,Grandmaster,Zerg
29,US,4949,Grandmaster,Random
29,US,4948,Grandmaster,Terran
29,US,4948,Grandmaster,Protoss
29,US,4948,Grandmaster,Protoss
29,US,4947,Grandmaster,Terran
29,US,4947,Grandmaster,Terran
29,US,4947,Grandmaster,Protoss
29,US,4947,Grandmaster,Zerg
29,US,4946,Grandmaster,Protoss
29,US,4946,Grandmaster,Terran
29,US,4946,Grandmaster,Zerg
29,US,4946,Grandmaster,Protoss
29,US,4945,Grandmaster,Protoss
29,US,4945,Grandmaster,Terran
29,US,4945,Grandmaster,Random
29,US,4943,Grandmaster,Zerg
29,US,4943,Grandmaster,Zerg
29,US,4943,Grandmaster,Protoss
29,US,4943,Grandmaster,Zerg
29,US,4943,Grandmaster,Protoss
29,US,4943,Grandmaster,Terran
29,US,4942,Grandmaster,Protoss
29,US,4941,Grandmaster,Terran
29,US,4940,Grandmaster,Zerg
29,US,4940,Grandmaster,Terran
29,US,4940,Grandmaster,Zerg
29,US,4940,Grandmaster,Terran
29,US,4940,Grandmaster,Terran
29,US,4939,Grandmaster,Protoss
29,US,4939,Grandmaster,Terran
29,US,4939,Grandmaster,Zerg
29,US,4938,Grandmaster,Terran
29,US,4938,Grandmaster,Random
29,US,4938,Grandmaster,Zerg
29,US,4937,Grandmaster,Random
29,US,4937,Grandmaster,Protoss
29,US,4937,Grandmaster,Zerg
29,US,4937,Grandmaster,Terran
29,US,4937,Grandmaster,Protoss
29,US,4937,Grandmaster,Random
29,US,4937,Grandmaster,Terran
29,US,4936,Grandmaster,Zerg
29,US,4936,Grandmaster,Zerg
29,US,4936,Grandmaster,Zerg
29,US,4936,Grandmaster,Protoss
29,US,4936,Grandmaster,Terran
29,US,4935,Grandmaster,Protoss
29,US,4935,Grandmaster,Terran
29,US,4934,Grandmaster,Random
29,US,4934,Grandmaster,Protoss
29,US,4934,Grandmaster,Zerg
29,US,4934,Grandmaster,Protoss
29,US,4933,Grandmaster,Terran
29,US,4933,Grandmaster,Terran
29,US,4933,Grandmaster,Protoss
29,US,4933,Grandmaster,Terran
29,US,4933,Grandmaster,Protoss
29,US,4932,Grandmaster,Terran
29,US,4932,Grandmaster,Terran
29,US,4932,Grandmaster,Protoss
29,US,4932,Grandmaster,Zerg
29,US,4931,Grandmaster,Zerg
29,US,4931,Grandmaster,Zerg
29,US,4931,Grandmaster,Terran
29,US,4931,Grandmaster,Zerg
29,US,4931,Grandmaster,Zerg
29,US,4931,Grandmaster,Protoss
29,US,4929,Grandmaster,Zerg
29,US,4929,Grandmaster,Terran
29,US,4929,Grandmaster,Zerg
29,US,4929,Grandmaster,Terran
29,US,4927,Grandmaster,Protoss
29,US,4926,Grandmaster,Terran
29,US,4926,Grandmaster,Protoss
29,US,4926,Grandmaster,Terran
29,US,4926,Grandmaster,Terran
29,US,4925,Grandmaster,Random
29,US,4925,Grandmaster,Zerg
29,US,4925,Grandmaster,Protoss
29,US,4925,Grandmaster,Terran
29,US,4924,Grandmaster,Terran
29,US,4924,Grandmaster,Protoss
29,US,4924,Grandmaster,Zerg
29,US,4924,Grandmaster,Zerg
29,US,4924,Grandmaster,Zerg
29,US,4923,Grandmaster,Terran
29,US,4923,Grandmaster,Terran
29,US,4922,Grandmaster,Terran
29,US,4922,Grandmaster,Zerg
29,US,4922,Grandmaster,Zerg
29,US,4922,Grandmaster,Zerg
29,US,4921,Grandmaster,Terran
29,US,4920,Grandmaster,Terran
29,US,4920,Grandmaster,Protoss
29,US,4920,Grandmaster,Protoss
29,US,4920,Grandmaster,Zerg
29,US,4920,Grandmaster,Zerg
29,US,4920,Grandmaster,Terran
29,US,4919,Grandmaster,Protoss
29,US,4919,Grandmaster,Terran
29,US,4919,Grandmaster,Terran
29,US,4919,Grandmaster,Zerg
29,US,4919,Grandmaster,Protoss
29,US,4919,Grandmaster,Zerg
29,US,4919,Grandmaster,Terran
29,US,4919,Grandmaster,Random
29,US,4918,Grandmaster,Terran
29,US,4918,Grandmaster,Protoss
29,US,4918,Grandmaster,Terran
29,US,4916,Grandmaster,Protoss
29,US,4916,Grandmaster,Terran
29,US,4916,Grandmaster,Random
29,US,4916,Grandmaster,Terran
29,US,4916,Grandmaster,Zerg
29,US,4916,Grandmaster,Protoss
29,US,4916,Grandmaster,Protoss
29,US,4916,Grandmaster,Zerg
29,US,4915,Grandmaster,Terran
29,US,4915,Grandmaster,Terran
29,US,4914,Grandmaster,Terran
29,US,4914,Grandmaster,Protoss
29,US,4914,Grandmaster,Protoss
29,US,4913,Grandmaster,Zerg
29,US,4913,Grandmaster,Terran
29,US,4913,Grandmaster,Protoss
29,US,4913,Grandmaster,Random
29,US,4912,Grandmaster,Terran
29,US,4912,Grandmaster,Protoss
29,US,4912,Grandmaster,Protoss
29,US,4911,Grandmaster,Zerg
29,US,4911,Grandmaster,Random
29,US,4911,Grandmaster,Terran
29,US,4911,Grandmaster,Zerg
29,US,4911,Grandmaster,Protoss
29,US,4911,Grandmaster,Protoss
29,US,4910,Grandmaster,Zerg
29,US,4910,Grandmaster,Protoss
29,US,4910,Grandmaster,Terran
29,US,4910,Grandmaster,Zerg
29,US,4910,Grandmaster,Terran
29,US,4909,Grandmaster,Zerg
29,US,4909,Grandmaster,Protoss
29,US,4909,Grandmaster,Zerg
29,US,4908,Grandmaster,Zerg
29,US,4908,Grandmaster,Zerg
29,US,4908,Grandmaster,Zerg
29,US,4907,Grandmaster,Zerg
29,US,4907,Grandmaster,Random
29,US,4906,Grandmaster,Protoss
29,US,4906,Grandmaster,Zerg
29,US,4906,Grandmaster,Protoss
29,US,4906,Grandmaster,Protoss
29,US,4905,Grandmaster,Terran
29,US,4905,Grandmaster,Protoss
29,US,4905,Grandmaster,Zerg
29,US,4904,Grandmaster,Zerg
29,US,4904,Grandmaster,Terran
29,US,4904,Grandmaster,Terran
29,US,4903,Grandmaster,Zerg
29,US,4903,Grandmaster,Terran
29,US,4903,Grandmaster,Protoss
29,US,4903,Grandmaster,Zerg
29,US,4903,Grandmaster,Terran
29,US,4903,Grandmaster,Zerg
29,US,4903,Grandmaster,Terran
29,US,4902,Grandmaster,Terran
29,US,4901,Grandmaster,Protoss
29,US,4899,Grandmaster,Random
29,US,4899,Grandmaster,Terran
29,US,4899,Grandmaster,Zerg
29,US,4899,Grandmaster,Terran
29,US,4898,Grandmaster,Protoss
29,US,4898,Grandmaster,Terran
29,US,4898,Grandmaster,Zerg
29,US,4897,Grandmaster,Terran
29,US,4896,Grandmaster,Terran
29,US,4896,Grandmaster,Zerg
29,US,4895,Grandmaster,Zerg
29,US,4895,Grandmaster,Zerg
29,US,4895,Grandmaster,Terran
29,US,4895,Grandmaster,Zerg
29,US,4893,Grandmaster,Terran
29,US,4893,Grandmaster,Terran
29,US,4893,Grandmaster,Terran
29,US,4893,Grandmaster,Protoss
29,US,4892,Grandmaster,Terran
29,US,4892,Grandmaster,Zerg
29,US,4892,Grandmaster,Protoss
29,US,4892,Grandmaster,Terran
29,US,4892,Grandmaster,Random
29,US,4892,Grandmaster,Zerg
29,US,4891,Grandmaster,Zerg
29,US,4891,Grandmaster,Zerg
29,US,4891,Grandmaster,Zerg
29,US,4891,Grandmaster,Zerg
29,US,4890,Grandmaster,Protoss
29,US,4889,Grandmaster,Zerg
29,US,4889,Grandmaster,Random
29,US,4889,Grandmaster,Terran
29,US,4888,Grandmaster,Random
29,US,4888,Grandmaster,Zerg
29,US,4888,Grandmaster,Random
29,US,4888,Grandmaster,Terran
29,US,4888,Grandmaster,Zerg
29,US,4888,Grandmaster,Zerg
29,US,4888,Grandmaster,Terran
29,US,4888,Grandmaster,Protoss
29,US,4887,Grandmaster,Zerg
29,US,4887,Grandmaster,Zerg
29,US,4887,Grandmaster,Random
29,US,4887,Grandmaster,Protoss
29,US,4887,Grandmaster,Zerg
29,US,4887,Grandmaster,Terran
29,US,4886,Grandmaster,Protoss
29,US,4886,Grandmaster,Zerg
29,US,4886,Grandmaster,Zerg
29,US,4885,Grandmaster,Protoss
29,US,4885,Grandmaster,Terran
29,US,4885,Grandmaster,Protoss
29,US,4885,Grandmaster,Terran
29,US,4885,Grandmaster,Zerg
29,US,4885,Grandmaster,Terran
29,US,4884,Grandmaster,Terran
29,US,4884,Grandmaster,Terran
29,US,4883,Grandmaster,Zerg
29,US,4883,Grandmaster,Zerg
29,US,4883,Grandmaster,Protoss
29,US,4882,Grandmaster,Terran
29,US,4882,Grandmaster,Random
29,US,4881,Grandmaster,Zerg
29,US,4881,Grandmaster,Zerg
29,US,4880,Grandmaster,Protoss
29,US,4880,Grandmaster,Protoss
29,US,4880,Grandmaster,Terran
29,US,4880,Grandmaster,Zerg
29,US,4879,Grandmaster,Random
29,US,4878,Grandmaster,Zerg
29,US,4878,Grandmaster,Terran
29,US,4878,Grandmaster,Terran
29,US,4878,Grandmaster,Terran
29,US,4878,Grandmaster,Zerg
29,US,4878,Grandmaster,Zerg
29,US,4877,Grandmaster,Protoss
29,US,4877,Grandmaster,Zerg
29,US,4877,Grandmaster,Zerg
29,US,4877,Grandmaster,Terran
29,US,4877,Grandmaster,Zerg
29,US,4877,Grandmaster,Zerg
29,US,4877,Grandmaster,Zerg
29,US,4876,Grandmaster,Zerg
29,US,4876,Grandmaster,Zerg
29,US,4876,Grandmaster,Terran
29,US,4876,Grandmaster,Protoss
29,US,4876,Grandmaster,Terran
29,US,4875,Grandmaster,Protoss
29,US,4875,Grandmaster,Terran
29,US,4875,Grandmaster,Terran
29,US,4874,Grandmaster,Protoss
29,US,4874,Grandmaster,Zerg
29,US,4874,Grandmaster,Protoss
29,US,4874,Grandmaster,Protoss
29,US,4874,Grandmaster,Zerg
29,US,4874,Grandmaster,Terran
29,US,4873,Grandmaster,Protoss
29,US,4873,Grandmaster,Protoss
29,US,4873,Grandmaster,Random
29,US,4873,Grandmaster,Protoss
29,US,4871,Grandmaster,Zerg
29,US,4871,Grandmaster,Terran
29,US,4870,Grandmaster,Protoss
29,US,4870,Grandmaster,Zerg
29,US,4870,Grandmaster,Zerg
29,US,4870,Grandmaster,Zerg
29,US,4869,Grandmaster,Zerg
29,US,4868,Grandmaster,Terran
29,US,4868,Grandmaster,Random
29,US,4868,Grandmaster,Terran
29,US,4867,Grandmaster,Zerg
29,US,4867,Grandmaster,Terran
29,US,4867,Grandmaster,Terran
29,US,4867,Grandmaster,Terran
29,US,4866,Grandmaster,Terran
29,US,4866,Grandmaster,Protoss
29,US,4866,Grandmaster,Random
29,US,4865,Grandmaster,Terran
29,US,4865,Grandmaster,Zerg
29,US,4864,Grandmaster,Zerg
29,US,4864,Grandmaster,Zerg
29,US,4864,Grandmaster,Terran
29,US,4864,Grandmaster,Zerg
29,US,4864,Grandmaster,Terran
29,US,4864,Grandmaster,Terran
29,US,4864,Grandmaster,Protoss
29,US,4864,Grandmaster,Terran
29,US,4863,Grandmaster,Zerg
29,US,4863,Grandmaster,Zerg
29,US,4863,Grandmaster,Zerg
29,US,4862,Grandmaster,Zerg
29,US,4862,Grandmaster,Terran
29,US,4862,Grandmaster,Zerg
29,US,4862,Grandmaster,Protoss
29,US,4862,Grandmaster,Protoss
29,US,4861,Grandmaster,Terran
29,US,4861,Grandmaster,Zerg
29,US,4861,Grandmaster,Terran
29,US,4861,Grandmaster,Protoss
29,US,4861,Grandmaster,Terran
29,US,4861,Grandmaster,Zerg
29,US,4861,Grandmaster,Random
29,US,4860,Grandmaster,Random
29,US,4860,Grandmaster,Zerg
29,US,4860,Grandmaster,Terran
29,US,4860,Grandmaster,Random
29,US,4860,Grandmaster,Zerg
29,US,4859,Grandmaster,Terran
29,US,4859,Grandmaster,Zerg
29,US,4858,Grandmaster,Zerg
29,US,4858,Grandmaster,Random
29,US,4858,Grandmaster,Terran
29,US,4858,Grandmaster,Terran
29,US,4858,Grandmaster,Terran
29,US,4857,Grandmaster,Protoss
29,US,4857,Grandmaster,Zerg
29,US,4857,Grandmaster,Terran
29,US,4856,Grandmaster,Terran
29,US,4856,Grandmaster,Terran
29,US,4856,Grandmaster,Zerg
29,US,4856,Grandmaster,Terran
29,US,4855,Grandmaster,Terran
29,US,4855,Grandmaster,Random
29,US,4854,Grandmaster,Protoss
29,US,4854,Grandmaster,Zerg
29,US,4853,Grandmaster,Zerg
29,US,4853,Grandmaster,Zerg
29,US,4853,Grandmaster,Zerg
29,US,4853,Grandmaster,Zerg
29,US,4852,Grandmaster,Zerg
29,US,4852,Grandmaster,Zerg
29,US,4852,Grandmaster,Terran
29,US,4852,Grandmaster,Protoss
29,US,4852,Grandmaster,Zerg
29,US,4852,Grandmaster,Terran
29,US,4851,Grandmaster,Protoss
29,US,4851,Grandmaster,Zerg
29,US,4850,Grandmaster,Protoss
29,US,4850,Grandmaster,Terran
29,US,4850,Grandmaster,Zerg
29,US,4850,Grandmaster,Terran
29,US,4849,Grandmaster,Terran
29,US,4849,Grandmaster,Protoss
29,US,4849,Grandmaster,Protoss
29,US,4849,Grandmaster,Zerg
29,US,4849,Grandmaster,Zerg
29,US,4848,Grandmaster,Zerg
29,US,4848,Grandmaster,Terran
29,US,4848,Grandmaster,Zerg
29,US,4848,Grandmaster,Protoss
29,US,4848,Grandmaster,Terran
29,US,4847,Grandmaster,Zerg
29,US,4847,Grandmaster,Protoss
29,US,4847,Grandmaster,Zerg
29,US,4846,Grandmaster,Zerg
29,US,4846,Grandmaster,Protoss
29,US,4845,Grandmaster,Protoss
29,US,4844,Grandmaster,Terran
29,US,4844,Grandmaster,Terran
29,US,4844,Grandmaster,Protoss
29,US,4842,Grandmaster,Zerg
29,US,4842,Grandmaster,Terran
29,US,4842,Grandmaster,Protoss
29,US,4842,Grandmaster,Zerg
29,US,4842,Grandmaster,Protoss
29,US,4842,Grandmaster,Terran
29,US,4841,Grandmaster,Zerg
29,US,4841,Grandmaster,Protoss
29,US,4841,Grandmaster,Zerg
29,US,4841,Grandmaster,Zerg
29,US,4841,Grandmaster,Terran
29,US,4841,Grandmaster,Protoss
29,US,4840,Grandmaster,Zerg
29,US,4840,Grandmaster,Protoss
29,US,4840,Grandmaster,Random
29,US,4840,Grandmaster,Zerg
29,US,4839,Grandmaster,Terran
29,US,4839,Grandmaster,Terran
29,US,4838,Grandmaster,Protoss
29,US,4838,Grandmaster,Terran
29,US,4838,Grandmaster,Terran
29,US,4838,Grandmaster,Zerg
29,US,4838,Grandmaster,Protoss
29,US,4837,Grandmaster,Terran
29,US,4837,Grandmaster,Zerg
29,US,4837,Grandmaster,Terran
29,US,4837,Grandmaster,Zerg
29,US,4836,Grandmaster,Protoss
29,US,4835,Grandmaster,Protoss
29,US,4835,Grandmaster,Terran
29,US,4835,Grandmaster,Terran
29,US,4835,Grandmaster,Terran
29,US,4835,Grandmaster,Zerg
29,US,4834,Grandmaster,Random
29,US,4834,Grandmaster,Random
29,US,4834,Grandmaster,Terran
29,US,4833,Grandmaster,Zerg
29,US,4833,Grandmaster,Terran
29,US,4833,Grandmaster,Protoss
29,US,4832,Grandmaster,Zerg
29,US,4832,Grandmaster,Protoss
29,US,4832,Grandmaster,Terran
29,US,4832,Grandmaster,Terran
29,US,4832,Grandmaster,Terran
29,US,4832,Grandmaster,Zerg
29,US,4832,Grandmaster,Protoss
29,US,4831,Grandmaster,Zerg
29,US,4831,Grandmaster,Terran
29,US,4831,Grandmaster,Terran
29,US,4831,Grandmaster,Zerg
29,US,4830,Grandmaster,Terran
29,US,4830,Grandmaster,Protoss
29,US,4830,Grandmaster,Terran
29,US,4830,Grandmaster,Zerg
29,US,4829,Grandmaster,Protoss
29,US,4828,Grandmaster,Protoss
29,US,4828,Grandmaster,Zerg
29,US,4828,Grandmaster,Terran
29,US,4828,Grandmaster,Terran
29,US,4828,Grandmaster,Protoss
29,US,4828,Grandmaster,Zerg
29,US,4828,Grandmaster,Zerg
29,US,4827,Grandmaster,Terran
29,US,4827,Grandmaster,Zerg
29,US,4827,Grandmaster,Zerg
29,US,4827,Grandmaster,Protoss
29,US,4827,Grandmaster,Terran
29,US,4826,Grandmaster,Protoss
29,US,4826,Grandmaster,Terran
29,US,4826,Grandmaster,Protoss
29,US,4826,Grandmaster,Protoss
29,US,4826,Grandmaster,Protoss
29,US,4825,Grandmaster,Zerg
29,US,4825,Grandmaster,Zerg
29,US,4825,Grandmaster,Zerg
29,US,4825,Grandmaster,Zerg
29,US,4825,Grandmaster,Terran
29,US,4825,Grandmaster,Terran
29,US,4824,Grandmaster,Protoss
29,US,4824,Grandmaster,Terran
29,US,4824,Grandmaster,Terran
29,US,4823,Grandmaster,Zerg
29,US,4823,Grandmaster,Protoss
29,US,4823,Grandmaster,Terran
29,US,4823,Grandmaster,Zerg
29,US,4822,Grandmaster,Terran
29,US,4822,Grandmaster,Terran
29,US,4821,Grandmaster,Terran
29,US,4821,Grandmaster,Terran
29,US,4821,Grandmaster,Protoss
29,US,4820,Grandmaster,Protoss
29,US,4820,Grandmaster,Zerg
29,US,4820,Grandmaster,Terran
29,US,4820,Grandmaster,Random
29,US,4820,Grandmaster,Terran
29,US,4819,Grandmaster,Terran
29,US,4819,Grandmaster,Terran
29,US,4819,Grandmaster,Protoss
29,US,4819,Grandmaster,Terran
29,US,4818,Grandmaster,Terran
29,US,4816,Grandmaster,Zerg
29,US,4816,Grandmaster,Protoss
29,US,4816,Grandmaster,Terran
29,US,4816,Grandmaster,Zerg
29,US,4815,Grandmaster,Terran
29,US,4815,Grandmaster,Zerg
29,US,4815,Grandmaster,Zerg
29,US,4815,Grandmaster,Random
29,US,4814,Grandmaster,Protoss
29,US,4814,Grandmaster,Zerg
29,US,4814,Grandmaster,Protoss
29,US,4814,Grandmaster,Zerg
29,US,4814,Grandmaster,Terran
29,US,4813,Grandmaster,Terran
29,US,4813,Grandmaster,Zerg
29,US,4813,Grandmaster,Terran
29,US,4812,Grandmaster,Terran
29,US,4812,Grandmaster,Zerg
29,US,4811,Grandmaster,Protoss
29,US,4811,Grandmaster,Terran
29,US,4811,Grandmaster,Protoss
29,US,4811,Grandmaster,Protoss
29,US,4811,Grandmaster,Protoss
29,US,4811,Grandmaster,Terran
29,US,4811,Grandmaster,Terran
29,US,4810,Grandmaster,Protoss
29,US,4810,Grandmaster,Terran
29,US,4810,Grandmaster,Terran
29,US,4810,Grandmaster,Protoss
29,US,4810,Grandmaster,Protoss
29,US,4810,Grandmaster,Zerg
29,US,4809,Grandmaster,Zerg
29,US,4809,Grandmaster,Zerg
29,US,4808,Grandmaster,Terran
29,US,4808,Grandmaster,Protoss
29,US,4808,Grandmaster,Random
29,US,4808,Grandmaster,Protoss
29,US,4808,Grandmaster,Protoss
29,US,4808,Grandmaster,Zerg
29,US,4808,Grandmaster,Protoss
29,US,4807,Grandmaster,Zerg
29,US,4807,Grandmaster,Zerg
29,US,4806,Grandmaster,Terran
29,US,4806,Grandmaster,Zerg
29,US,4806,Grandmaster,Protoss
29,US,4806,Grandmaster,Protoss
29,US,4806,Grandmaster,Zerg
29,US,4805,Grandmaster,Random
29,US,4805,Grandmaster,Zerg
29,US,4805,Grandmaster,Zerg
29,US,4805,Grandmaster,Zerg
29,US,4804,Grandmaster,Protoss
29,US,4804,Grandmaster,Protoss
29,US,4804,Grandmaster,Terran
29,US,4804,Grandmaster,Zerg
29,US,4804,Grandmaster,Terran
29,US,4804,Grandmaster,Zerg
29,US,4804,Grandmaster,Zerg
29,US,4803,Grandmaster,Terran
29,US,4803,Grandmaster,Random
29,US,4803,Grandmaster,Protoss
29,US,4803,Grandmaster,Protoss
29,US,4803,Grandmaster,Zerg
29,US,4803,Grandmaster,Zerg
29,US,4803,Grandmaster,Protoss
29,US,4802,Grandmaster,Protoss
29,US,4802,Grandmaster,Protoss
29,US,4802,Grandmaster,Zerg
29,US,4802,Grandmaster,Zerg
29,US,4802,Grandmaster,Zerg
29,US,4802,Grandmaster,Terran
29,US,4802,Grandmaster,Protoss
29,US,4801,Grandmaster,Protoss
29,US,4801,Grandmaster,Zerg
29,US,4801,Grandmaster,Protoss
29,US,4800,Grandmaster,Random
29,US,4800,Grandmaster,Protoss
29,US,4800,Grandmaster,Terran
29,US,4800,Grandmaster,Terran
29,US,4800,Grandmaster,Protoss
